<application>
  <component name="AppStorage">
    <option name="newTranslationDialogX" value="790" />
    <option name="newTranslationDialogY" value="441" />
    <histories>
      <item value="required a bean of type 'java.util.Map' that could not be found." />
      <item value="incompatible" />
      <item value="executed" />
      <item value="invoke" />
      <item value="mismatch" />
      <item value="error: cannot find symbol" />
      <item value="Faker" />
      <item value="Caused by: org.springframework.beans.factory.BeanCreationException: Error creating bean with name 'findUserRepository' defined in ru.svlobachev.grpcserver.registration.model.repository.FindUserRepository defined in @EnableJpaRepositories declared on JpaRepositoriesRegistrar.EnableJpaRepositoriesConfiguration: Invocation of init method failed; nested exception is org.springframework.data.repository.query.QueryCreationException: Could not create query for public abstract java.util.List" />
      <item value="Autowired" />
      <item value="Caused" />
      <item value="exited" />
      <item value="@Bean CommandLineRunner commandLineRunner(UsersRepository usersRepository) { UUID uuid = Generators.timeBasedGenerator().generate(); return args -&gt; { Users maria = new Users(uuid.toString(), &quot;maria@gmail.com&quot;, &quot;Maria&quot;, &quot;PasswordOfMaria&quot;); usersRepository.save(maria); }; }" />
      <item value="This Overlay widget cannot be marked as needing to build because the framework is already in the process of building widgets. A widget can be marked as needing to be built during the build phase only if one of its ancestors is currently building. This exception is allowed because the framework builds parent widgets before children, which means a dirty descendant will always be built. Otherwise, the framework might not visit this widget during this build phase. The widget on which setState() or markNeedsBuild() was called was: Overlay-[LabeledGlobalKey&lt;OverlayState&gt;bdd1c] state: OverlayStatee27aa(entries: [OverlayEntryba7b0(opaque: true; maintainState: false), OverlayEntry494ba(opaque: false; maintainState: true), OverlayEntry44b6e(opaque: false; maintainState: false), OverlayEntry2ca9a(opaque: false; maintainState: true), OverlayEntry38860(opaque: false; maintainState: false), OverlayEntry41f42(opaque: false; maintainState: true)]) The widget which was currently being built when the offending call was made was: MyBottomNavigationBar dirty The relevant error-causing widget was:" />
      <item value="required a bean of type 'java.lang.String' that could not be found." />
      <item value="APPLICATION FAILED TO START" />
      <item value="Caused by: org.springframework.beans.BeanInstantiationException: Failed to instantiate [ru.svlobachev.grpcserver.telegram.MyTelegramBot]: Constructor threw exception; nested exception is com.google.common.util.concurrent.UncheckedExecutionException: java.lang.IllegalStateException: Unable to load cache item" />
      <item value="Could not resolve placeholder" />
      <item value="placeholder" />
    </histories>
    <option name="languageScores">
      <map>
        <entry key="ENGLISH" value="21" />
        <entry key="RUSSIAN" value="21" />
      </map>
    </option>
  </component>
  <component name="Cache">
    <option name="lastTrimTime" value="1660863873725" />
  </component>
  <component name="Settings">
    <option name="autoReplace" value="true" />
    <option name="googleTranslateSettings">
      <google-translate>
        <option name="primaryLanguage" value="RUSSIAN" />
      </google-translate>
    </option>
    <option name="showExplanation" value="true" />
    <option name="showReplacementActionInContextMenu" value="true" />
    <option name="showWordsOnStartup" value="true" />
    <option name="translateDocumentation" value="true" />
  </component>
</application>